Product_ID,Product_Name,Category,Sub_Category,Brand,Cost_Price,Selling_Price,Rating,Stock_Quantity
20000,Sony Mobile,Electronics,Mobile,Apple,45221.96,57986.96,2.6,12
20001,Sony Mobile,Electronics,Mobile,Nike,52226.22,74295.71,3.6,125
20002,Samsung Mobile,Electronics,Mobile,Samsung,41435.9,52956.26,3.3,377
20003,Apple Mobile,Electronics,Mobile,Sony,12046.11,15412.32,4.5,379
20004,Ikea Mobile,Electronics,Mobile,Apple,8536.11,11192.2,4.7,302
20005,Adidas Mobile,Electronics,Mobile,Apple,20750.7,25228.46,4.4,15
20006,Apple Mobile,Electronics,Mobile,Samsung,22875.45,27856.05,3.4,119
20007,Ikea Mobile,Electronics,Mobile,Ikea,26940.31,37475.14,4.0,13
20008,Ikea Mobile,Electronics,Mobile,Samsung,29575.25,38417.3,4.9,366
20009,Sony Mobile,Electronics,Mobile,Sony,14677.78,17925.03,4.9,279
20010,Adidas Mobile,Electronics,Mobile,Samsung,63414.23,77012.74,2.9,229
20011,Ikea Mobile,Electronics,Mobile,Nike,33260.16,39475.96,4.1,414
20012,LG Mobile,Electronics,Mobile,Apple,12976.75,15424.72,3.7,388
20013,LG Mobile,Electronics,Mobile,Samsung,60555.93,77045.06,3.4,357
20014,Adidas Mobile,Electronics,Mobile,Nike,61506.21,79856.97,3.4,142
20015,Samsung Mobile,Electronics,Mobile,Samsung,30376.39,37010.26,3.8,490
20016,LG Mobile,Electronics,Mobile,Nike,32957.86,40719.85,2.9,52
20017,Apple Mobile,Electronics,Mobile,Adidas,24593.31,31786.72,2.6,49
20018,Nike Mobile,Electronics,Mobile,LG,14696.47,20762.08,3.9,176
20019,Ikea Mobile,Electronics,Mobile,Nike,10773.85,14441.45,2.7,413
20020,Apple Mobile,Electronics,Mobile,Sony,45519.73,61721.2,4.1,235
20021,Ikea Mobile,Electronics,Mobile,Apple,51257.93,61254.32,4.3,498
20022,Adidas Mobile,Electronics,Mobile,Apple,15636.43,19568.18,4.9,282
20023,Nike Mobile,Electronics,Mobile,LG,31861.75,45201.28,2.7,321
20024,Ikea Mobile,Electronics,Mobile,LG,36508.11,43428.96,,185
20025,Ikea Mobile,Electronics,Mobile,Samsung,12775.09,15509.49,3.1,360
20026,Apple Mobile,Electronics,Mobile,Apple,51515.28,62412.07,4.6,338
20027,Samsung Mobile,Electronics,Mobile,LG,16246.6,19233.28,3.5,148
20028,Apple Mobile,Electronics,Mobile,LG,65476.49,78560.91,2.8,119
20029,LG Mobile,Electronics,Mobile,Apple,50264.07,62581.66,4.3,194
20030,Nike Mobile,Electronics,Mobile,Adidas,18744.32,24000.74,3.2,325
20031,LG Mobile,Electronics,Mobile,Nike,30565.96,41606.98,4.4,83
20032,Nike Mobile,Electronics,Mobile,Nike,32768.19,46104.06,3.2,107
20033,Sony Mobile,Electronics,Mobile,Nike,20329.02,26821.79,4.1,359
20034,Sony Mobile,Electronics,Mobile,Sony,10060.46,13257.8,3.4,36
20035,Ikea Mobile,Electronics,Mobile,Sony,45418.54,62320.98,3.9,87
20036,Ikea Mobile,Electronics,Mobile,Sony,7635.51,10119.35,4.4,125
20037,Samsung Mobile,Electronics,Mobile,Adidas,21402.8,27428.83,4.9,194
20038,Nike Mobile,Electronics,Mobile,Sony,25204.63,30868.09,3.0,352
20039,Ikea Mobile,Electronics,Mobile,Samsung,34751.18,49116.06,4.0,350
20040,Nike Mobile,Electronics,Mobile,LG,23556.09,31232.62,4.1,393
20041,LG Mobile,Electronics,Mobile,Apple,42778.67,51784.76,4.1,117
20042,LG Mobile,Electronics,Mobile,Apple,33982.92,40111.51,3.8,412
20043,Nike Mobile,Electronics,Mobile,Adidas,63203.91,79248.67,4.9,137
20044,Apple Mobile,Electronics,Mobile,Samsung,12385.67,16734.4,2.8,467
20045,Ikea Mobile,Electronics,Mobile,Sony,22281.51,29150.01,4.0,161
20046,Samsung Mobile,Electronics,Mobile,Sony,48693.64,64264.79,4.0,255
20047,Adidas Mobile,Electronics,Mobile,Sony,57775.2,73864.72,3.1,234
20048,Samsung Mobile,Electronics,Mobile,Nike,16846.93,21325.2,4.3,71
20049,Samsung Mobile,Electronics,Mobile,Sony,10780.11,12978.04,2.8,287
20050,Ikea Mobile,Electronics,Mobile,Nike,41465.65,50967.51,2.9,382
20051,Ikea Mobile,Electronics,Mobile,Adidas,37889.43,51493.95,3.3,459
20052,Ikea Mobile,Electronics,Mobile,Adidas,42160.26,50474.32,4.8,185
20053,Samsung Mobile,Electronics,Mobile,Samsung,23520.48,33582.73,4.9,260
20054,Adidas Mobile,Electronics,Mobile,Apple,54645.79,64517.64,3.9,386
20055,Apple Mobile,Electronics,Mobile,LG,11507.89,16078.55,4.5,56
20056,Samsung Mobile,Electronics,Mobile,Sony,59230.35,78063.83,3.8,81
20057,LG Mobile,Electronics,Mobile,Sony,36693.43,46328.17,3.7,216
20058,Ikea Mobile,Electronics,Mobile,Apple,38683.16,54478.88,4.0,197
20059,Adidas Mobile,Electronics,Mobile,Ikea,50439.45,69998.12,3.8,239
20060,Ikea Mobile,Electronics,Mobile,Nike,25881.64,34322.87,3.6,497
20061,Ikea Mobile,Electronics,Mobile,LG,12455.94,15700.86,5.0,482
20062,Apple Mobile,Electronics,Mobile,Sony,9986.59,13395.83,4.6,369
20063,Apple Mobile,Electronics,Mobile,Sony,42363.66,55410.81,4.3,453
20064,Ikea Mobile,Electronics,Mobile,LG,33496.98,40053.99,4.9,136
20065,LG Mobile,Electronics,Mobile,Sony,30203.51,40261.05,3.8,174
20066,Apple Mobile,Electronics,Mobile,Nike,9776.99,13827.12,4.5,222
20067,Samsung Mobile,Electronics,Mobile,Adidas,14362.05,20436.85,4.3,1
20068,Sony Mobile,Electronics,Mobile,Sony,32654.07,43062.52,2.8,134
20069,Ikea Mobile,Electronics,Mobile,LG,41300.55,49228.81,3.9,91
20070,Ikea Mobile,Electronics,Mobile,Apple,34999.1,48688.7,4.3,445
20071,Sony Mobile,Electronics,Mobile,Nike,19687.78,27468.67,3.9,430
20072,Sony Mobile,Electronics,Mobile,Ikea,43250.21,52446.56,4.6,311
20073,Samsung Mobile,Electronics,Mobile,Samsung,55154.3,75167.56,4.9,191
20074,LG Mobile,Electronics,Mobile,Samsung,22461.85,31160.99,3.7,276
20075,LG Mobile,Electronics,Mobile,Ikea,16098.78,21474.2,4.2,470
20076,Apple Mobile,Electronics,Mobile,Ikea,25447.94,30084.72,3.0,165
20077,Adidas Mobile,Electronics,Mobile,Apple,31332.05,37984.43,3.0,57
20078,Nike Mobile,Electronics,Mobile,LG,26392.5,37397.35,4.4,413
20079,Nike Mobile,Electronics,Mobile,Samsung,22902.75,32382.39,4.1,29
20080,Samsung Mobile,Electronics,Mobile,Ikea,32657.29,41881.48,3.5,484
20081,Apple Mobile,Electronics,Mobile,Apple,20837.22,26309.44,3.8,374
20082,Adidas Mobile,Electronics,Mobile,LG,34551.73,46961.91,3.4,35
20083,LG Mobile,Electronics,Mobile,Ikea,45931.41,60175.86,4.9,392
20084,Samsung Mobile,Electronics,Mobile,Samsung,26426.76,36969.94,4.6,337
20085,Adidas Mobile,Electronics,Mobile,Ikea,41076.97,54636.5,2.7,84
20086,Nike Mobile,Electronics,Mobile,Ikea,63811.02,76515.72,3.9,446
20087,Ikea Mobile,Electronics,Mobile,Adidas,26004.68,33104.96,4.0,493
20088,Samsung Laptop,Electronics,Laptop,Ikea,57523.77,73619.6,5.0,386
20089,Sony Laptop,Electronics,Laptop,Sony,42532.11,51496.84,3.0,102
20090,Sony Laptop,Electronics,Laptop,Nike,50654.06,60127.77,3.7,204
20091,Sony Laptop,Electronics,Laptop,Sony,15994.99,20375.34,4.4,191
20092,Adidas Laptop,Electronics,Laptop,Ikea,34766.76,42116.9,3.1,231
20093,Apple Laptop,Electronics,Laptop,Samsung,29995.82,35727.77,4.0,115
20094,Apple Laptop,Electronics,Laptop,Nike,44158.56,52527.37,3.5,10
20095,Ikea Laptop,Electronics,Laptop,Ikea,31181.2,38980.05,3.9,117
20096,Ikea Laptop,Electronics,Laptop,Samsung,26947.23,34217.02,4.5,3
20097,Apple Laptop,Electronics,Laptop,Sony,16163.01,21347.65,3.8,323
20098,Apple Laptop,Electronics,Laptop,Samsung,23229.98,31355.01,3.9,34
20099,Apple Laptop,Electronics,Laptop,LG,32554.95,43415.31,4.5,169
20100,Apple Laptop,Electronics,Laptop,Ikea,59002.2,78086.82,4.7,121
20101,Nike Laptop,Electronics,Laptop,Sony,7763.52,10076.41,3.0,248
20102,Samsung Laptop,Electronics,Laptop,Ikea,12780.36,16593.47,4.4,67
20103,Sony Laptop,Electronics,Laptop,Ikea,29124.25,38859.08,3.7,295
20104,Adidas Laptop,Electronics,Laptop,Samsung,32739.12,40596.01,3.5,401
20105,Adidas Laptop,Electronics,Laptop,LG,25970.21,34485.69,2.8,208
20106,Samsung Laptop,Electronics,Laptop,Apple,12379.86,16484.55,3.9,49
20107,Sony Laptop,Electronics,Laptop,Adidas,33179.64,40114.01,3.5,181
20108,Adidas Laptop,Electronics,Laptop,Adidas,46777.71,65281.22,4.3,239
20109,LG Laptop,Electronics,Laptop,Sony,10637.42,14193.85,3.1,27
20110,Sony Laptop,Electronics,Laptop,Sony,26315.27,32067.59,4.4,330
20111,Apple Laptop,Electronics,Laptop,Apple,42007.28,55402.15,4.2,206
20112,Sony Laptop,Electronics,Laptop,Nike,20815.55,26574.06,4.1,409
20113,LG Laptop,Electronics,Laptop,Apple,39896.64,54561.58,3.2,127
20114,Samsung Laptop,Electronics,Laptop,Samsung,50114.28,63923.53,4.2,274
20115,Adidas Laptop,Electronics,Laptop,Samsung,29653.24,41900.36,2.9,216
20116,Samsung Laptop,Electronics,Laptop,Nike,43711.78,57250.36,2.9,236
20117,Samsung Laptop,Electronics,Laptop,LG,10674.8,14620.44,,472
20118,Apple Laptop,Electronics,Laptop,Adidas,16213.41,23055.47,4.3,413
20119,LG Laptop,Electronics,Laptop,LG,20963.28,27534.08,3.8,281
20120,Apple Laptop,Electronics,Laptop,Apple,51185.31,69113.13,4.6,333
20121,Ikea Laptop,Electronics,Laptop,LG,18702.5,24805.46,2.6,7
20122,Apple Laptop,Electronics,Laptop,LG,11015.17,14825.84,2.6,434
20123,Samsung Laptop,Electronics,Laptop,Samsung,36619.42,50583.55,3.4,208
20124,Adidas Laptop,Electronics,Laptop,Adidas,9761.14,13138.83,4.8,109
20125,LG Laptop,Electronics,Laptop,Adidas,45948.15,60202.0,3.1,462
20126,Apple Laptop,Electronics,Laptop,Samsung,8260.69,11076.29,3.1,194
20127,Apple Laptop,Electronics,Laptop,Adidas,54658.86,70071.39,3.8,135
20128,LG Laptop,Electronics,Laptop,LG,46019.85,62775.56,4.1,232
20129,Nike Laptop,Electronics,Laptop,Adidas,53184.13,75690.23,4.9,356
20130,Sony Laptop,Electronics,Laptop,LG,50373.83,67692.54,4.2,284
20131,Sony Laptop,Electronics,Laptop,Sony,13970.16,17262.51,2.5,249
20132,Samsung Laptop,Electronics,Laptop,Samsung,15383.32,19618.69,2.9,151
20133,Samsung Laptop,Electronics,Laptop,Apple,53312.49,73116.44,2.7,296
20134,Sony Laptop,Electronics,Laptop,Ikea,19941.04,27423.96,4.5,31
20135,Sony Laptop,Electronics,Laptop,Nike,53355.1,76181.54,4.9,29
20136,Apple Laptop,Electronics,Laptop,Ikea,31449.69,38709.66,4.4,244
20137,Ikea Laptop,Electronics,Laptop,LG,22563.13,30949.1,3.8,271
20138,Samsung Laptop,Electronics,Laptop,Apple,53025.05,65574.91,3.8,491
20139,Ikea Laptop,Electronics,Laptop,Apple,35059.43,49481.67,3.2,435
20140,Samsung Laptop,Electronics,Laptop,Apple,55109.69,75568.18,4.3,304
20141,Apple Laptop,Electronics,Laptop,Sony,49408.54,65080.92,3.1,441
20142,Samsung Laptop,Electronics,Laptop,Adidas,16751.68,23264.65,4.3,61
20143,Ikea Laptop,Electronics,Laptop,Samsung,18886.04,24924.3,3.6,296
20144,Ikea Laptop,Electronics,Laptop,Apple,16256.19,21105.86,3.2,317
20145,Apple Laptop,Electronics,Laptop,Adidas,13054.2,16737.09,4.0,336
20146,Ikea Laptop,Electronics,Laptop,Ikea,10489.75,13283.45,3.1,267
20147,Nike Laptop,Electronics,Laptop,Nike,10094.77,12145.54,2.8,104
20148,Sony Laptop,Electronics,Laptop,Sony,16633.32,22801.2,3.6,160
20149,Samsung Laptop,Electronics,Laptop,Nike,16946.27,20296.02,3.2,202
20150,Samsung Laptop,Electronics,Laptop,Sony,52381.37,65861.09,2.9,330
20151,Nike Laptop,Electronics,Laptop,Adidas,29355.64,38288.13,2.6,161
20152,LG Laptop,Electronics,Laptop,Apple,42648.23,53934.93,2.5,4
20153,Adidas Laptop,Electronics,Laptop,Ikea,42487.1,57172.26,4.1,288
20154,Apple Laptop,Electronics,Laptop,Apple,26149.02,33935.12,3.5,275
20155,Samsung Laptop,Electronics,Laptop,Ikea,45018.5,59043.52,2.7,135
20156,Samsung Laptop,Electronics,Laptop,Nike,41092.64,55016.55,3.4,451
20157,Apple Laptop,Electronics,Laptop,Samsung,51592.58,71305.0,2.9,189
20158,Nike Laptop,Electronics,Laptop,Samsung,57456.54,73298.64,4.3,224
20159,LG Laptop,Electronics,Laptop,Ikea,51863.39,66986.79,3.5,360
20160,Nike Laptop,Electronics,Laptop,Ikea,60404.06,74081.6,3.1,413
20161,Sony Laptop,Electronics,Laptop,Ikea,25463.81,35313.42,4.8,4
20162,Sony Laptop,Electronics,Laptop,LG,18302.07,25404.74,3.1,283
20163,Nike Laptop,Electronics,Laptop,Sony,59268.42,77944.89,2.5,53
20164,Samsung Laptop,Electronics,Laptop,Nike,10256.65,12389.09,3.0,59
20165,Apple Laptop,Electronics,Laptop,Sony,52043.7,63733.34,4.9,283
20166,Samsung Laptop,Electronics,Laptop,Nike,40684.44,54527.84,3.0,144
20167,Ikea Laptop,Electronics,Laptop,Samsung,54354.6,72489.44,4.7,367
20168,Nike Laptop,Electronics,Laptop,Samsung,63960.35,76953.68,2.7,351
20169,Sony Laptop,Electronics,Laptop,LG,47697.13,66238.55,4.0,135
20170,Ikea Laptop,Electronics,Laptop,Adidas,26790.03,35620.04,3.3,128
20171,LG Laptop,Electronics,Laptop,Apple,20729.88,26687.0,3.0,47
20172,Sony Laptop,Electronics,Laptop,Adidas,30986.96,43859.25,4.6,424
20173,Nike Laptop,Electronics,Laptop,Apple,55345.27,75914.16,3.4,1
20174,Nike Laptop,Electronics,Laptop,LG,47563.1,66843.17,4.9,66
20175,Sony Laptop,Electronics,Laptop,Nike,47316.97,57823.85,2.6,82
20176,Sony Accessories,Electronics,Accessories,Adidas,14317.74,20304.02,3.7,282
20177,Sony Accessories,Electronics,Accessories,Adidas,54499.24,69849.02,4.2,287
20178,Apple Accessories,Electronics,Accessories,Apple,9498.24,11689.85,3.6,38
20179,Sony Accessories,Electronics,Accessories,Samsung,44629.52,54144.17,4.4,279
20180,Apple Accessories,Electronics,Accessories,LG,25828.22,35508.33,2.7,189
20181,Ikea Accessories,Electronics,Accessories,Ikea,46411.91,57582.96,4.5,75
20182,Adidas Accessories,Electronics,Accessories,Samsung,28621.48,38151.93,4.8,21
20183,Nike Accessories,Electronics,Accessories,Nike,9708.2,11443.86,4.4,460
20184,LG Accessories,Electronics,Accessories,LG,44532.43,55247.51,3.7,20
20185,Nike Accessories,Electronics,Accessories,Samsung,10621.77,12935.5,3.6,349
20186,Samsung Accessories,Electronics,Accessories,Sony,53205.47,68383.11,4.0,52
20187,Nike Accessories,Electronics,Accessories,LG,57191.89,71162.77,4.3,286
20188,LG Accessories,Electronics,Accessories,Adidas,57632.11,70316.71,3.4,498
20189,Ikea Accessories,Electronics,Accessories,Sony,55208.52,78586.71,3.1,79
20190,Samsung Accessories,Electronics,Accessories,LG,11858.13,14651.21,3.5,83
20191,LG Accessories,Electronics,Accessories,LG,30946.2,40870.39,4.7,90
20192,Adidas Accessories,Electronics,Accessories,Apple,23932.43,33124.36,2.7,91
20193,Sony Accessories,Electronics,Accessories,Nike,10013.86,12931.23,2.6,400
20194,Adidas Accessories,Electronics,Accessories,LG,26812.23,37474.29,3.1,342
20195,LG Accessories,Electronics,Accessories,Sony,47810.65,59418.3,2.6,415
20196,Samsung Accessories,Electronics,Accessories,Nike,35490.88,48968.34,3.5,81
20197,LG Accessories,Electronics,Accessories,Sony,38045.37,53210.57,4.5,55
20198,Adidas Accessories,Electronics,Accessories,LG,17442.62,23571.35,3.8,19
20199,LG Accessories,Electronics,Accessories,Adidas,48269.88,62217.68,2.8,113
20200,Samsung Accessories,Electronics,Accessories,LG,38726.46,49893.66,3.8,470
20201,Adidas Accessories,Electronics,Accessories,Nike,51194.46,71523.17,3.6,156
20202,LG Accessories,Electronics,Accessories,LG,32378.01,41901.24,3.8,446
20203,Samsung Accessories,Electronics,Accessories,Samsung,57593.52,76527.1,3.2,12
20204,Sony Accessories,Electronics,Accessories,Samsung,35684.98,47207.58,4.1,204
20205,Nike Accessories,Electronics,Accessories,Nike,41963.8,50967.8,2.6,442
20206,Apple Accessories,Electronics,Accessories,LG,26443.81,33649.01,2.7,142
20207,Nike Accessories,Electronics,Accessories,Sony,53530.12,67047.71,4.8,260
20208,Adidas Accessories,Electronics,Accessories,Sony,17509.69,20808.71,3.7,431
20209,Ikea Accessories,Electronics,Accessories,Nike,16485.55,23239.05,2.5,480
20210,Apple Accessories,Electronics,Accessories,Apple,27645.61,38883.38,3.5,449
20211,Nike Accessories,Electronics,Accessories,Samsung,13289.54,16517.65,3.7,297
20212,Nike Accessories,Electronics,Accessories,Apple,17909.64,22960.62,4.6,55
20213,Ikea Accessories,Electronics,Accessories,Adidas,59895.53,71083.26,2.9,176
20214,Sony Accessories,Electronics,Accessories,LG,22267.98,29270.31,3.4,160
20215,Adidas Accessories,Electronics,Accessories,Ikea,51293.97,69082.86,2.8,261
20216,Apple Accessories,Electronics,Accessories,Adidas,44750.53,53719.03,3.1,460
20217,Ikea Accessories,Electronics,Accessories,Samsung,18500.49,22450.94,4.0,130
20218,Apple Accessories,Electronics,Accessories,Sony,40728.74,49452.34,5.0,223
20219,Apple Accessories,Electronics,Accessories,Ikea,33023.73,39528.57,2.8,473
20220,LG Accessories,Electronics,Accessories,Ikea,35770.51,50872.56,3.9,351
20221,Sony Accessories,Electronics,Accessories,Sony,59876.01,76432.9,3.6,377
20222,Sony Accessories,Electronics,Accessories,Samsung,33542.76,45000.52,3.4,186
20223,Adidas Accessories,Electronics,Accessories,Apple,59591.69,70472.02,3.6,485
20224,Sony Accessories,Electronics,Accessories,Nike,34736.49,45769.43,3.2,319
20225,Nike Accessories,Electronics,Accessories,Sony,31033.38,39923.6,4.2,434
20226,Apple Accessories,Electronics,Accessories,Sony,47426.35,64148.09,3.4,460
20227,Nike Accessories,Electronics,Accessories,Ikea,57788.22,79961.54,3.2,158
20228,Sony Accessories,Electronics,Accessories,Adidas,18994.46,23657.41,3.6,167
20229,Adidas Accessories,Electronics,Accessories,Sony,51001.6,69555.96,4.6,151
20230,Ikea Accessories,Electronics,Accessories,Samsung,22096.6,29037.0,3.2,98
20231,Adidas Accessories,Electronics,Accessories,Sony,13177.35,17631.62,2.9,481
20232,Adidas Accessories,Electronics,Accessories,Sony,42713.31,56738.84,4.5,383
20233,Samsung Accessories,Electronics,Accessories,Ikea,14480.23,19768.82,5.0,291
20234,Nike Accessories,Electronics,Accessories,Adidas,51291.16,69572.97,4.2,280
20235,LG Accessories,Electronics,Accessories,Apple,29265.08,39524.7,4.3,155
20236,Nike Accessories,Electronics,Accessories,Samsung,39599.82,54204.88,3.6,220
20237,LG Accessories,Electronics,Accessories,Ikea,14164.16,18487.69,3.2,310
20238,Sony Accessories,Electronics,Accessories,Nike,31277.35,36910.32,3.5,238
20239,Adidas Accessories,Electronics,Accessories,Adidas,51200.56,66616.08,2.5,345
20240,Samsung Accessories,Electronics,Accessories,Ikea,34580.69,42889.07,3.7,242
20241,LG Accessories,Electronics,Accessories,LG,27221.01,38328.49,2.6,376
20242,Samsung Accessories,Electronics,Accessories,Sony,41788.56,57851.16,4.9,43
20243,Nike Accessories,Electronics,Accessories,Ikea,17281.42,22434.54,2.6,339
20244,Sony Accessories,Electronics,Accessories,Ikea,37355.65,44942.85,4.6,171
20245,Apple Accessories,Electronics,Accessories,LG,13891.63,17970.9,3.8,487
20246,LG Accessories,Electronics,Accessories,Samsung,58648.4,78015.53,3.2,344
20247,Nike Accessories,Electronics,Accessories,Samsung,22310.92,26855.95,4.4,412
20248,Samsung Accessories,Electronics,Accessories,Samsung,44261.8,58352.97,2.6,12
20249,Apple Accessories,Electronics,Accessories,Samsung,47784.16,63398.02,4.9,243
20250,Ikea Accessories,Electronics,Accessories,LG,41108.55,51104.15,3.5,393
20251,Apple Accessories,Electronics,Accessories,Adidas,16543.41,22308.85,4.3,212
20252,Sony Accessories,Electronics,Accessories,Ikea,19867.03,24045.5,2.7,99
20253,Sony Accessories,Electronics,Accessories,Sony,60181.13,73838.3,3.4,196
20254,Adidas Accessories,Electronics,Accessories,Adidas,23351.33,29635.32,4.3,124
20255,Samsung Accessories,Electronics,Accessories,Sony,58357.36,70941.69,4.2,352
20256,Apple Accessories,Electronics,Accessories,LG,24376.84,34679.35,3.2,440
20257,LG Accessories,Electronics,Accessories,Apple,8115.58,10503.51,2.9,398
20258,Adidas Accessories,Electronics,Accessories,Samsung,9773.79,13114.61,4.3,90
20259,LG Accessories,Electronics,Accessories,Sony,31621.94,42248.93,3.8,265
20260,Adidas Accessories,Electronics,Accessories,Apple,41132.16,54086.08,4.2,285
20261,Samsung Accessories,Electronics,Accessories,LG,19411.72,23974.15,3.6,62
20262,Adidas Accessories,Electronics,Accessories,Samsung,30255.39,41228.96,3.4,410
20263,Adidas Accessories,Electronics,Accessories,Sony,17362.78,21375.36,3.0,271
20264,Ikea Chair,Furniture,Chair,Ikea,22327.05,30608.1,4.3,162
20265,LG Chair,Furniture,Chair,Adidas,13042.64,19567.69,5.0,313
20266,LG Chair,Furniture,Chair,Sony,19069.98,28444.49,3.8,456
20267,Ikea Chair,Furniture,Chair,Adidas,25465.3,37711.73,5.0,425
20268,Ikea Chair,Furniture,Chair,Adidas,18313.25,26808.28,3.9,459
20269,Samsung Chair,Furniture,Chair,Sony,10506.69,14069.2,4.7,441
20270,Adidas Chair,Furniture,Chair,Adidas,4949.2,6958.18,3.4,132
20271,LG Chair,Furniture,Chair,Samsung,12368.16,18534.24,4.6,430
20272,Sony Chair,Furniture,Chair,Nike,19704.86,25959.48,3.7,392
20273,LG Chair,Furniture,Chair,Ikea,14409.01,19290.27,2.8,248
20274,Sony Chair,Furniture,Chair,Samsung,18120.19,24008.99,4.2,140
20275,Adidas Chair,Furniture,Chair,Apple,11891.78,16172.14,,365
20276,Nike Chair,Furniture,Chair,Samsung,28765.29,39738.83,2.6,139
20277,Nike Chair,Furniture,Chair,Nike,16028.62,23943.07,4.4,457
20278,Ikea Chair,Furniture,Chair,Apple,23007.59,29531.73,4.1,70
20279,Samsung Chair,Furniture,Chair,Samsung,22724.16,31820.44,4.7,196
20280,Sony Chair,Furniture,Chair,Samsung,11221.98,14694.64,4.7,361
20281,Samsung Chair,Furniture,Chair,Apple,21505.31,26888.94,3.4,212
20282,Adidas Chair,Furniture,Chair,Nike,27876.44,35024.96,2.5,277
20283,Adidas Chair,Furniture,Chair,Adidas,9840.14,14844.08,4.8,31
20284,Samsung Chair,Furniture,Chair,LG,16603.67,23156.67,3.3,215
20285,Adidas Chair,Furniture,Chair,LG,9170.04,13530.78,2.8,299
20286,Sony Chair,Furniture,Chair,Apple,15546.95,22057.4,2.8,438
20287,LG Chair,Furniture,Chair,Ikea,16540.42,23186.25,4.4,194
20288,Adidas Chair,Furniture,Chair,Apple,9993.77,13219.26,3.9,482
20289,Nike Chair,Furniture,Chair,Nike,30241.85,39409.42,5.0,385
20290,Adidas Chair,Furniture,Chair,LG,20283.98,30001.99,2.7,456
20291,LG Chair,Furniture,Chair,Adidas,12277.4,15514.71,3.4,275
20292,Sony Chair,Furniture,Chair,Sony,30854.81,39345.14,3.9,279
20293,LG Chair,Furniture,Chair,Ikea,3612.75,5212.47,3.0,459
20294,Samsung Chair,Furniture,Chair,Adidas,7146.32,9535.46,4.4,112
20295,Nike Chair,Furniture,Chair,Adidas,6684.14,8731.46,2.5,248
20296,Apple Chair,Furniture,Chair,Adidas,27660.93,38894.52,4.3,172
20297,Sony Chair,Furniture,Chair,Sony,21636.76,27798.41,4.0,408
20298,Adidas Chair,Furniture,Chair,Sony,7101.88,9599.55,3.9,84
20299,LG Chair,Furniture,Chair,Adidas,19209.99,24560.84,2.6,470
20300,Samsung Chair,Furniture,Chair,Ikea,22763.97,32938.2,2.7,273
20301,Apple Chair,Furniture,Chair,Adidas,6301.12,9459.54,4.4,303
20302,Ikea Chair,Furniture,Chair,Sony,30373.68,39865.61,3.7,13
20303,Apple Chair,Furniture,Chair,Sony,9380.62,13276.09,2.8,219
20304,Samsung Chair,Furniture,Chair,LG,7460.87,9453.51,4.2,236
20305,Samsung Chair,Furniture,Chair,Apple,15768.41,22292.54,4.7,133
20306,Adidas Chair,Furniture,Chair,Nike,22588.32,30911.5,5.0,108
20307,Adidas Chair,Furniture,Chair,Nike,16421.47,20968.96,5.0,172
20308,LG Chair,Furniture,Chair,Adidas,4160.69,5798.73,3.3,142
20309,LG Chair,Furniture,Chair,LG,16203.38,22624.33,3.1,215
20310,Nike Chair,Furniture,Chair,LG,16814.65,24490.06,3.2,41
20311,Adidas Chair,Furniture,Chair,Apple,13994.78,18419.91,4.6,383
20312,Ikea Chair,Furniture,Chair,Apple,20330.2,30374.38,2.9,487
20313,Nike Chair,Furniture,Chair,Samsung,5924.58,7575.29,,332
20314,Apple Chair,Furniture,Chair,LG,15480.85,23657.89,3.4,490
20315,Sony Chair,Furniture,Chair,Apple,30617.35,38547.79,4.8,386
20316,Apple Chair,Furniture,Chair,Samsung,7520.11,11340.34,2.6,102
20317,LG Chair,Furniture,Chair,Apple,29399.94,38187.68,3.3,318
20318,Samsung Chair,Furniture,Chair,Samsung,16479.56,22182.98,4.2,64
20319,Adidas Chair,Furniture,Chair,Sony,27736.26,39118.27,4.3,58
20320,Ikea Chair,Furniture,Chair,Samsung,5703.22,8080.18,3.6,238
20321,Sony Chair,Furniture,Chair,Nike,26705.43,36002.38,4.2,392
20322,Nike Chair,Furniture,Chair,Samsung,9883.1,12985.38,3.4,310
20323,Ikea Chair,Furniture,Chair,Sony,11918.09,15642.22,2.6,367
20324,Apple Chair,Furniture,Chair,LG,27098.2,34286.12,4.7,419
20325,Samsung Chair,Furniture,Chair,Nike,7421.1,9391.29,3.9,55
20326,Ikea Chair,Furniture,Chair,Apple,16404.16,22585.46,3.9,475
20327,Nike Chair,Furniture,Chair,Ikea,10541.28,15046.98,3.8,346
20328,Adidas Chair,Furniture,Chair,Adidas,11300.45,16716.02,4.3,482
20329,Sony Chair,Furniture,Chair,Samsung,12633.81,18776.36,4.8,38
20330,Ikea Chair,Furniture,Chair,Sony,18265.19,23790.32,4.8,425
20331,Sony Chair,Furniture,Chair,Samsung,9220.94,11631.79,3.3,52
20332,Sony Chair,Furniture,Chair,LG,20138.86,30443.82,4.1,154
20333,LG Chair,Furniture,Chair,Sony,30120.61,38314.35,2.7,307
20334,LG Chair,Furniture,Chair,Apple,17128.26,26146.72,3.8,407
20335,Ikea Chair,Furniture,Chair,LG,5216.68,6803.03,3.1,21
20336,Nike Chair,Furniture,Chair,Ikea,13349.96,16825.0,4.8,219
20337,Sony Chair,Furniture,Chair,Nike,16116.58,23044.74,2.7,35
20338,Ikea Chair,Furniture,Chair,Sony,4908.76,6894.04,4.7,174
20339,Apple Chair,Furniture,Chair,LG,15703.6,23496.87,4.5,215
20340,LG Chair,Furniture,Chair,Adidas,5892.01,7654.88,4.1,54
20341,Adidas Chair,Furniture,Chair,Nike,15523.15,20522.55,3.5,325
20342,LG Chair,Furniture,Chair,Adidas,13654.44,20581.99,2.8,362
20343,Samsung Chair,Furniture,Chair,Adidas,10639.83,14790.58,4.2,90
20344,Sony Chair,Furniture,Chair,Ikea,17833.98,27072.31,4.5,494
20345,Sony Chair,Furniture,Chair,Nike,18809.27,24497.69,3.6,315
20346,LG Chair,Furniture,Chair,Ikea,19735.83,29268.38,4.9,396
20347,Adidas Chair,Furniture,Chair,Adidas,18882.61,26190.85,2.5,223
20348,LG Chair,Furniture,Chair,Sony,5842.61,7523.47,2.6,303
20349,Nike Chair,Furniture,Chair,Nike,14262.54,19030.21,4.1,436
20350,Samsung Chair,Furniture,Chair,LG,16875.63,23748.28,3.7,478
20351,Apple Chair,Furniture,Chair,Nike,9672.69,14720.8,2.7,451
20352,Adidas Table,Furniture,Table,Samsung,28521.37,37861.18,3.8,384
20353,Adidas Table,Furniture,Table,Ikea,6953.86,8809.48,3.6,312
20354,Sony Table,Furniture,Table,Adidas,23516.62,30959.41,3.9,172
20355,Apple Table,Furniture,Table,Adidas,10942.24,14752.76,4.8,435
20356,Nike Table,Furniture,Table,Samsung,25257.95,34954.39,3.1,249
20357,Samsung Table,Furniture,Table,Nike,7725.93,11761.44,3.0,408
20358,Nike Table,Furniture,Table,Nike,24786.49,33285.89,5.0,143
20359,Ikea Table,Furniture,Table,Sony,13365.31,17885.45,4.1,450
20360,Nike Table,Furniture,Table,Ikea,25262.44,38653.09,4.3,5
20361,Ikea Table,Furniture,Table,Samsung,22474.41,31411.22,4.4,43
20362,Samsung Table,Furniture,Table,Sony,25515.1,35092.29,4.0,208
20363,Adidas Table,Furniture,Table,Ikea,17036.33,23806.08,4.7,388
20364,Samsung Table,Furniture,Table,Sony,13412.46,17446.59,3.6,243
20365,Sony Table,Furniture,Table,Sony,8908.11,12282.98,4.8,251
20366,Adidas Table,Furniture,Table,LG,17873.66,26610.17,2.9,8
20367,Apple Table,Furniture,Table,Nike,25926.92,36530.58,2.6,113
20368,Adidas Table,Furniture,Table,Sony,17851.46,27159.16,2.7,124
20369,Nike Table,Furniture,Table,Sony,16822.73,25385.96,2.5,297
20370,Nike Table,Furniture,Table,Adidas,19736.37,27081.95,3.4,283
20371,Ikea Table,Furniture,Table,Nike,21357.86,26963.78,4.4,217
20372,Sony Table,Furniture,Table,Ikea,3888.01,5156.78,3.8,169
20373,Nike Table,Furniture,Table,Sony,13717.41,18195.78,4.6,232
20374,Nike Table,Furniture,Table,Nike,25231.96,37719.14,3.8,128
20375,Samsung Table,Furniture,Table,Apple,23791.44,35945.75,3.5,369
20376,Samsung Table,Furniture,Table,Nike,11716.56,14920.61,3.7,61
20377,Sony Table,Furniture,Table,Ikea,27289.01,38120.39,4.2,486
20378,LG Table,Furniture,Table,Sony,6968.05,8950.93,3.7,94
20379,Samsung Table,Furniture,Table,Samsung,28563.02,38294.27,4.7,378
20380,Adidas Table,Furniture,Table,Nike,6515.66,9210.1,4.0,370
20381,Ikea Table,Furniture,Table,LG,28059.03,35095.62,3.0,268
20382,Ikea Table,Furniture,Table,Nike,8343.13,12689.07,2.9,51
20383,LG Table,Furniture,Table,Samsung,4530.39,6293.68,3.8,151
20384,Samsung Table,Furniture,Table,Nike,22717.04,34541.64,3.8,91
20385,Nike Table,Furniture,Table,Apple,25955.4,37549.8,3.2,362
20386,Ikea Table,Furniture,Table,Samsung,26241.94,37494.72,3.5,140
20387,Apple Table,Furniture,Table,Apple,21312.6,28808.47,2.8,283
20388,Nike Table,Furniture,Table,Sony,20402.71,30164.26,,483
20389,Samsung Table,Furniture,Table,Sony,8547.04,13019.01,2.6,444
20390,LG Table,Furniture,Table,Adidas,12665.84,16643.99,2.6,52
20391,LG Table,Furniture,Table,Apple,13565.81,19200.54,4.7,293
20392,Nike Table,Furniture,Table,Adidas,26906.52,39639.14,3.7,245
20393,Adidas Table,Furniture,Table,Nike,20425.7,30329.65,3.7,94
20394,Apple Table,Furniture,Table,Nike,23630.27,32476.91,3.5,481
20395,LG Table,Furniture,Table,Adidas,16356.96,23413.18,4.3,58
20396,LG Table,Furniture,Table,Apple,12490.12,17485.77,4.8,205
20397,Adidas Table,Furniture,Table,Apple,30001.53,39170.95,3.0,295
20398,Sony Table,Furniture,Table,Sony,21162.98,28684.0,2.6,27
20399,Samsung Table,Furniture,Table,Samsung,11637.97,17140.17,4.5,415
20400,Ikea Table,Furniture,Table,Nike,16269.42,22313.98,3.9,43
20401,Samsung Table,Furniture,Table,Apple,9142.66,12678.88,2.5,285
20402,LG Table,Furniture,Table,Adidas,16224.61,21644.58,4.2,310
20403,Ikea Table,Furniture,Table,LG,20311.96,27342.38,2.5,316
20404,Samsung Table,Furniture,Table,LG,9749.82,13829.58,2.7,267
20405,Adidas Table,Furniture,Table,Adidas,6163.06,8767.48,4.4,465
20406,Adidas Table,Furniture,Table,Nike,11809.5,16254.24,4.9,440
20407,Ikea Table,Furniture,Table,Adidas,28718.12,38094.02,4.5,156
20408,Ikea Table,Furniture,Table,Ikea,16857.06,25788.04,3.7,30
20409,Ikea Table,Furniture,Table,Sony,21991.51,32114.74,3.7,50
20410,LG Table,Furniture,Table,Samsung,24991.48,32847.05,2.8,320
20411,Samsung Table,Furniture,Table,Nike,13090.57,19880.73,3.8,338
20412,Apple Table,Furniture,Table,Samsung,19237.48,27234.07,2.8,122
20413,Samsung Table,Furniture,Table,Ikea,12949.55,18660.39,4.9,38
20414,Samsung Table,Furniture,Table,Apple,8034.62,10880.62,2.7,209
20415,Adidas Table,Furniture,Table,Sony,10024.55,13483.18,3.9,304
20416,Adidas Table,Furniture,Table,Nike,10009.74,13069.84,4.4,16
20417,Samsung Table,Furniture,Table,Nike,29075.76,38692.46,4.2,361
20418,Nike Table,Furniture,Table,Sony,9272.99,14032.82,4.2,440
20419,Adidas Table,Furniture,Table,Apple,26229.96,33093.69,4.0,351
20420,Samsung Table,Furniture,Table,Nike,17741.81,23466.43,3.2,403
20421,LG Table,Furniture,Table,Sony,17559.49,25300.87,2.6,301
20422,Sony Table,Furniture,Table,LG,19251.62,24859.06,2.9,478
20423,Samsung Table,Furniture,Table,Adidas,20197.22,26809.18,3.6,58
20424,Ikea Table,Furniture,Table,Samsung,12368.36,17599.96,3.7,331
20425,Samsung Table,Furniture,Table,Nike,28930.15,38721.05,4.4,423
20426,Samsung Table,Furniture,Table,Apple,10135.41,14005.24,3.9,30
20427,Samsung Table,Furniture,Table,LG,12046.07,16518.82,3.2,157
20428,Ikea Table,Furniture,Table,Sony,3999.49,5210.03,4.3,422
20429,Ikea Table,Furniture,Table,Nike,24242.68,31983.71,3.5,224
20430,Apple Table,Furniture,Table,Adidas,4821.94,6307.8,4.4,352
20431,Nike Table,Furniture,Table,Sony,20158.64,26209.52,3.1,206
20432,Nike Table,Furniture,Table,Ikea,25817.05,33588.07,3.3,276
20433,Adidas Table,Furniture,Table,Adidas,20224.11,28252.55,3.7,41
20434,Ikea Table,Furniture,Table,Apple,27990.13,36490.94,4.4,455
20435,Adidas Table,Furniture,Table,Sony,7477.8,10567.23,4.7,165
20436,Ikea Table,Furniture,Table,Nike,14536.84,21026.56,4.6,13
20437,Apple Table,Furniture,Table,Samsung,6775.31,9760.92,4.8,492
20438,Sony Table,Furniture,Table,LG,19435.59,25172.97,2.8,440
20439,Ikea Table,Furniture,Table,Ikea,11053.8,14090.74,3.8,486
20440,Apple Sofa,Furniture,Sofa,LG,5702.42,7439.66,3.6,344
20441,LG Sofa,Furniture,Sofa,Nike,15438.82,21587.02,4.3,295
20442,Apple Sofa,Furniture,Sofa,LG,5241.95,6653.0,2.7,387
20443,Samsung Sofa,Furniture,Sofa,Adidas,15723.86,19810.26,4.4,265
20444,Sony Sofa,Furniture,Sofa,Adidas,8440.01,12805.01,3.7,469
20445,Nike Sofa,Furniture,Sofa,Samsung,14082.75,20621.4,4.3,299
20446,Adidas Sofa,Furniture,Sofa,Sony,17321.7,26255.82,3.6,416
20447,Adidas Sofa,Furniture,Sofa,Apple,24740.4,33298.61,4.6,240
20448,Nike Sofa,Furniture,Sofa,Adidas,10654.29,14081.61,4.2,170
20449,Nike Sofa,Furniture,Sofa,Sony,9528.2,12444.97,3.3,53
20450,LG Sofa,Furniture,Sofa,Samsung,19172.85,28762.51,4.2,168
20451,Adidas Sofa,Furniture,Sofa,Sony,24408.8,33973.5,2.7,253
20452,Nike Sofa,Furniture,Sofa,Sony,6104.85,8516.32,3.3,483
20453,Adidas Sofa,Furniture,Sofa,LG,9286.3,12719.88,4.2,389
20454,Ikea Sofa,Furniture,Sofa,Apple,12555.76,18474.72,4.3,232
20455,Apple Sofa,Furniture,Sofa,Nike,20037.56,30722.02,3.2,129
20456,Nike Sofa,Furniture,Sofa,Apple,18515.08,27565.4,3.9,496
20457,LG Sofa,Furniture,Sofa,Adidas,24077.36,32632.58,4.0,442
20458,Ikea Sofa,Furniture,Sofa,LG,4531.24,6948.32,4.5,0
20459,Sony Sofa,Furniture,Sofa,LG,24639.09,35408.32,3.0,277
20460,Adidas Sofa,Furniture,Sofa,Adidas,4079.45,6086.0,3.5,27
20461,Samsung Sofa,Furniture,Sofa,Ikea,10188.88,14235.27,3.6,185
20462,Ikea Sofa,Furniture,Sofa,LG,20228.63,27808.31,4.2,255
20463,Sony Sofa,Furniture,Sofa,Adidas,26873.0,34869.81,3.3,389
20464,Apple Sofa,Furniture,Sofa,Samsung,13303.02,20288.55,3.4,136
20465,Ikea Sofa,Furniture,Sofa,Samsung,12873.24,18338.49,3.5,474
20466,Nike Sofa,Furniture,Sofa,Adidas,25496.5,38292.83,3.8,450
20467,Sony Sofa,Furniture,Sofa,Adidas,21813.75,27567.13,4.2,62
20468,Apple Sofa,Furniture,Sofa,Sony,22198.59,29752.03,3.0,311
20469,LG Sofa,Furniture,Sofa,Samsung,27252.21,37027.74,4.1,363
20470,Samsung Sofa,Furniture,Sofa,Nike,4550.2,6166.51,4.5,282
20471,Apple Sofa,Furniture,Sofa,Ikea,13172.46,18565.16,3.0,208
20472,Apple Sofa,Furniture,Sofa,Samsung,12938.47,19578.4,3.9,430
20473,Apple Sofa,Furniture,Sofa,Adidas,24306.38,36567.6,4.9,484
20474,Apple Sofa,Furniture,Sofa,Sony,29053.08,36338.71,4.8,426
20475,Samsung Sofa,Furniture,Sofa,Adidas,7790.11,9811.08,2.6,477
20476,Sony Sofa,Furniture,Sofa,Nike,12166.86,17212.07,3.5,260
20477,Sony Sofa,Furniture,Sofa,Nike,4294.23,5894.4,3.6,212
20478,LG Sofa,Furniture,Sofa,Adidas,23871.04,31489.72,3.0,241
20479,Samsung Sofa,Furniture,Sofa,Adidas,10530.36,13957.86,4.0,282
20480,Samsung Sofa,Furniture,Sofa,Adidas,16116.06,21503.39,3.4,97
20481,Ikea Sofa,Furniture,Sofa,Ikea,11762.94,17982.33,3.1,382
20482,Samsung Sofa,Furniture,Sofa,LG,23332.93,33632.15,2.5,35
20483,Nike Sofa,Furniture,Sofa,LG,27297.4,39761.17,4.2,404
20484,LG Sofa,Furniture,Sofa,Adidas,13751.24,19186.36,3.1,174
20485,LG Sofa,Furniture,Sofa,Ikea,4210.78,6241.92,4.7,136
20486,LG Sofa,Furniture,Sofa,Apple,7287.55,10686.47,4.4,144
20487,Sony Sofa,Furniture,Sofa,Nike,8283.1,11243.13,3.6,428
20488,Ikea Sofa,Furniture,Sofa,Ikea,21308.64,31598.75,2.7,337
20489,Adidas Sofa,Furniture,Sofa,LG,16940.41,24703.92,4.5,76
20490,Adidas Sofa,Furniture,Sofa,Ikea,7341.39,10179.77,4.6,247
20491,Nike Sofa,Furniture,Sofa,Nike,11888.79,16148.15,4.5,282
20492,LG Sofa,Furniture,Sofa,Ikea,5453.29,8126.18,3.3,193
20493,Adidas Sofa,Furniture,Sofa,Nike,3863.21,5050.76,2.7,445
20494,Samsung Sofa,Furniture,Sofa,Sony,5731.11,8233.47,3.0,122
20495,Ikea Sofa,Furniture,Sofa,Adidas,27251.05,37715.98,3.7,119
20496,LG Sofa,Furniture,Sofa,LG,14061.41,20199.92,3.6,210
20497,Apple Sofa,Furniture,Sofa,Nike,6346.43,9501.01,3.6,381
20498,Adidas Sofa,Furniture,Sofa,Sony,5469.43,7590.16,4.1,467
20499,LG Sofa,Furniture,Sofa,Adidas,9958.11,14645.39,4.2,197
20500,Sony Sofa,Furniture,Sofa,LG,20457.12,27761.94,4.9,420
20501,Sony Sofa,Furniture,Sofa,Samsung,10412.41,14596.62,3.3,253
20502,Apple Sofa,Furniture,Sofa,Samsung,24631.81,31068.17,2.6,257
20503,Ikea Sofa,Furniture,Sofa,Nike,24529.72,33380.13,3.4,445
20504,Apple Sofa,Furniture,Sofa,LG,18245.61,26263.44,3.0,432
20505,Adidas Sofa,Furniture,Sofa,Apple,7540.69,11490.09,4.0,269
20506,Adidas Sofa,Furniture,Sofa,Apple,12680.74,18654.08,3.8,369
20507,Samsung Sofa,Furniture,Sofa,Adidas,10349.22,13458.2,3.5,445
20508,Sony Sofa,Furniture,Sofa,Samsung,27753.59,35096.36,3.0,38
20509,Adidas Sofa,Furniture,Sofa,LG,28346.13,36260.31,4.1,496
20510,Nike Sofa,Furniture,Sofa,Nike,8844.78,12472.9,3.5,319
20511,Sony Sofa,Furniture,Sofa,Adidas,6099.17,8558.69,4.2,332
20512,Apple Sofa,Furniture,Sofa,LG,20294.73,28809.54,3.8,168
20513,LG Sofa,Furniture,Sofa,Sony,16334.97,23181.54,4.2,439
20514,Ikea Sofa,Furniture,Sofa,Adidas,19878.36,27920.69,2.9,488
20515,Nike Sofa,Furniture,Sofa,Sony,9414.36,12371.58,4.8,367
20516,LG Sofa,Furniture,Sofa,Adidas,22644.23,31578.83,3.1,446
20517,Ikea Sofa,Furniture,Sofa,Apple,5907.65,8881.2,4.7,316
20518,Apple Sofa,Furniture,Sofa,Samsung,6038.26,8874.35,3.6,323
20519,Sony Sofa,Furniture,Sofa,Nike,11259.66,16338.84,4.0,116
20520,Sony Sofa,Furniture,Sofa,Apple,25480.71,32301.05,3.3,222
20521,Apple Sofa,Furniture,Sofa,LG,12140.75,16176.09,3.8,324
20522,Sony Sofa,Furniture,Sofa,LG,10930.82,14905.48,3.4,51
20523,Adidas Sofa,Furniture,Sofa,Samsung,21805.97,30735.36,4.1,355
20524,Nike Sofa,Furniture,Sofa,Apple,9292.36,12370.44,2.6,23
20525,Nike Sofa,Furniture,Sofa,LG,6684.89,8793.11,2.7,28
20526,Nike Sofa,Furniture,Sofa,Nike,16967.21,26092.13,2.8,191
20527,Adidas Sofa,Furniture,Sofa,Samsung,26393.06,33743.06,4.2,125
20528,Ikea Shirt,Clothing,Shirt,Adidas,1779.65,3394.21,2.8,289
20529,Sony Shirt,Clothing,Shirt,LG,1396.06,1919.5,3.5,92
20530,Samsung Shirt,Clothing,Shirt,Samsung,2552.45,4602.17,4.3,40
20531,Ikea Shirt,Clothing,Shirt,LG,1533.74,2898.62,3.6,195
20532,Ikea Shirt,Clothing,Shirt,Sony,634.44,1173.59,3.2,123
20533,Adidas Shirt,Clothing,Shirt,Ikea,532.65,741.35,4.0,73
20534,Samsung Shirt,Clothing,Shirt,Adidas,2213.68,3231.87,4.3,326
20535,Nike Shirt,Clothing,Shirt,Adidas,2069.82,3981.38,4.0,130
20536,Sony Shirt,Clothing,Shirt,Apple,2251.06,4007.41,3.1,460
20537,LG Shirt,Clothing,Shirt,Adidas,1195.21,1896.02,2.5,461
20538,Nike Shirt,Clothing,Shirt,Sony,1160.93,1838.29,2.8,279
20539,Samsung Shirt,Clothing,Shirt,Apple,677.47,1068.24,4.3,226
20540,Nike Shirt,Clothing,Shirt,Ikea,2608.19,4251.87,3.7,153
20541,Sony Shirt,Clothing,Shirt,Adidas,1564.41,2229.26,2.9,353
20542,Nike Shirt,Clothing,Shirt,Adidas,2575.26,4063.53,4.5,432
20543,Nike Shirt,Clothing,Shirt,Samsung,2573.46,3668.37,3.8,196
20544,LG Shirt,Clothing,Shirt,Adidas,1608.84,2498.07,3.9,54
20545,Samsung Shirt,Clothing,Shirt,Adidas,2689.79,4919.37,4.8,292
20546,Nike Shirt,Clothing,Shirt,Ikea,452.81,633.38,2.7,151
20547,Sony Shirt,Clothing,Shirt,Nike,1077.31,1684.54,4.1,11
20548,LG Shirt,Clothing,Shirt,Sony,1443.52,2753.74,4.8,202
20549,Nike Shirt,Clothing,Shirt,Apple,663.37,1235.84,3.7,289
20550,LG Shirt,Clothing,Shirt,Sony,1406.55,2539.98,2.7,398
20551,Sony Shirt,Clothing,Shirt,Apple,2603.52,4471.22,4.7,466
20552,Ikea Shirt,Clothing,Shirt,Sony,3087.07,4975.15,2.7,254
20553,LG Shirt,Clothing,Shirt,Nike,835.94,1249.36,2.8,397
20554,LG Shirt,Clothing,Shirt,Samsung,2817.37,4169.04,4.9,310
20555,LG Shirt,Clothing,Shirt,Nike,2587.49,3661.66,3.7,112
20556,Sony Shirt,Clothing,Shirt,Samsung,1630.48,2600.98,3.8,317
20557,Nike Shirt,Clothing,Shirt,Sony,370.35,640.28,3.7,386
20558,Sony Shirt,Clothing,Shirt,LG,2217.06,4059.34,3.1,337
20559,Sony Shirt,Clothing,Shirt,LG,412.21,717.9,4.9,70
20560,Sony Shirt,Clothing,Shirt,Apple,1719.57,2509.96,2.9,462
20561,Sony Shirt,Clothing,Shirt,Sony,1198.1,1793.51,3.6,20
20562,Nike Shirt,Clothing,Shirt,LG,2351.44,3449.33,2.6,225
20563,Apple Shirt,Clothing,Shirt,Ikea,1168.55,2179.75,3.7,186
20564,Sony Shirt,Clothing,Shirt,Samsung,3021.57,4841.53,3.2,46
20565,Nike Shirt,Clothing,Shirt,Nike,789.58,1369.91,3.8,382
20566,Adidas Shirt,Clothing,Shirt,Samsung,1806.0,3218.0,4.3,102
20567,Samsung Shirt,Clothing,Shirt,LG,381.88,695.13,3.8,276
20568,Nike Shirt,Clothing,Shirt,Ikea,1392.96,2262.69,4.0,256
20569,Nike Shirt,Clothing,Shirt,LG,757.2,1172.78,3.3,84
20570,Nike Shirt,Clothing,Shirt,LG,1510.21,2076.84,2.9,483
20571,Adidas Shirt,Clothing,Shirt,LG,806.58,1228.24,4.7,151
20572,Sony Shirt,Clothing,Shirt,LG,921.85,1427.12,3.3,173
20573,LG Shirt,Clothing,Shirt,Apple,2981.75,4043.22,3.0,239
20574,Apple Shirt,Clothing,Shirt,Samsung,726.49,1447.89,3.9,386
20575,Samsung Shirt,Clothing,Shirt,LG,767.41,1125.31,2.9,346
20576,Sony Shirt,Clothing,Shirt,Sony,584.14,1060.72,3.7,203
20577,LG Shirt,Clothing,Shirt,LG,2228.7,3340.45,3.9,285
20578,Nike Shirt,Clothing,Shirt,Apple,1116.53,1659.06,4.1,404
20579,Adidas Shirt,Clothing,Shirt,Apple,700.88,1176.58,4.6,135
20580,Ikea Shirt,Clothing,Shirt,Apple,547.66,1041.9,2.7,232
20581,Nike Shirt,Clothing,Shirt,Sony,1236.62,2070.09,3.9,383
20582,Sony Shirt,Clothing,Shirt,Nike,513.82,933.76,4.9,299
20583,Adidas Shirt,Clothing,Shirt,LG,692.25,1315.53,3.9,326
20584,Nike Shirt,Clothing,Shirt,Apple,3326.36,4711.7,4.5,345
20585,Samsung Shirt,Clothing,Shirt,Adidas,406.96,769.02,4.2,12
20586,Ikea Shirt,Clothing,Shirt,Ikea,1521.47,2166.15,4.5,167
20587,Ikea Shirt,Clothing,Shirt,Samsung,2121.29,3214.59,3.6,331
20588,Apple Shirt,Clothing,Shirt,Sony,2807.06,4219.44,2.7,421
20589,Adidas Shirt,Clothing,Shirt,Sony,3005.06,4600.77,3.4,154
20590,Sony Shirt,Clothing,Shirt,Adidas,746.31,1419.8,,59
20591,Samsung Shirt,Clothing,Shirt,Apple,1782.82,3365.03,2.6,484
20592,Apple Shirt,Clothing,Shirt,Nike,2738.01,4229.56,4.1,252
20593,Apple Shirt,Clothing,Shirt,Apple,1253.54,2175.82,3.1,120
20594,Ikea Shirt,Clothing,Shirt,Samsung,307.16,598.69,2.5,198
20595,Adidas Shirt,Clothing,Shirt,Nike,2978.38,4208.45,3.5,343
20596,Sony Shirt,Clothing,Shirt,Sony,2934.62,4201.22,4.7,484
20597,Ikea Shirt,Clothing,Shirt,Adidas,1804.13,2739.92,4.2,300
20598,Sony Shirt,Clothing,Shirt,Sony,1350.4,2036.25,4.3,79
20599,Adidas Shirt,Clothing,Shirt,Sony,1325.61,1894.25,4.5,50
20600,LG Shirt,Clothing,Shirt,Adidas,2580.1,4124.17,3.8,315
20601,Adidas Shirt,Clothing,Shirt,Nike,2261.79,3632.34,3.5,16
20602,Sony Shirt,Clothing,Shirt,Nike,3549.07,4977.02,4.0,111
20603,Adidas Shirt,Clothing,Shirt,Adidas,2594.01,4486.38,4.7,486
20604,Samsung Shirt,Clothing,Shirt,LG,1373.21,2013.51,4.6,185
20605,Apple Shirt,Clothing,Shirt,Sony,1301.77,2273.52,2.9,188
20606,Ikea Shirt,Clothing,Shirt,Sony,2390.52,3901.27,3.2,183
20607,Apple Shirt,Clothing,Shirt,Adidas,1569.11,2725.27,2.5,141
20608,Samsung Shirt,Clothing,Shirt,Apple,2070.35,3368.6,3.1,485
20609,LG Shirt,Clothing,Shirt,LG,2621.32,3888.41,3.2,232
20610,Apple Shirt,Clothing,Shirt,Sony,1522.4,2620.48,4.8,108
20611,Sony Shirt,Clothing,Shirt,Sony,739.47,1136.11,2.7,305
20612,Apple Shirt,Clothing,Shirt,Apple,2497.06,3913.48,4.3,402
20613,Nike Shirt,Clothing,Shirt,Samsung,1050.83,1949.87,3.8,64
20614,LG Shirt,Clothing,Shirt,Ikea,3466.16,4746.24,3.8,105
20615,Apple Shirt,Clothing,Shirt,LG,2369.28,3949.05,2.6,391
20616,Ikea Jeans,Clothing,Jeans,Samsung,3293.1,4875.52,3.1,300
20617,Samsung Jeans,Clothing,Jeans,LG,1650.11,2685.47,4.4,445
20618,Samsung Jeans,Clothing,Jeans,Nike,1452.65,2269.73,3.8,396
20619,Samsung Jeans,Clothing,Jeans,LG,1185.97,2274.74,4.6,461
20620,Ikea Jeans,Clothing,Jeans,Apple,1910.41,2547.38,4.8,141
20621,LG Jeans,Clothing,Jeans,Samsung,729.87,1059.51,2.9,66
20622,Ikea Jeans,Clothing,Jeans,Nike,719.1,1309.17,3.9,408
20623,Samsung Jeans,Clothing,Jeans,Apple,3323.94,4802.43,3.7,338
20624,LG Jeans,Clothing,Jeans,Apple,2661.75,4898.43,4.3,67
20625,Apple Jeans,Clothing,Jeans,Nike,753.04,1350.39,3.4,404
20626,LG Jeans,Clothing,Jeans,Samsung,1725.84,2887.42,4.0,301
20627,Nike Jeans,Clothing,Jeans,Apple,2203.47,3769.36,2.7,89
20628,Nike Jeans,Clothing,Jeans,Apple,1493.89,2558.06,3.2,64
20629,Sony Jeans,Clothing,Jeans,Adidas,1372.12,1908.76,3.5,269
20630,Apple Jeans,Clothing,Jeans,Sony,3353.13,4940.74,3.8,32
20631,Adidas Jeans,Clothing,Jeans,Adidas,2870.45,3844.57,4.8,398
20632,Nike Jeans,Clothing,Jeans,Ikea,1193.02,2239.48,2.6,303
20633,Apple Jeans,Clothing,Jeans,Adidas,773.44,1155.49,3.4,257
20634,Samsung Jeans,Clothing,Jeans,Ikea,3224.22,4315.07,4.1,22
20635,Sony Jeans,Clothing,Jeans,LG,593.67,1090.91,4.4,465
20636,LG Jeans,Clothing,Jeans,Sony,1916.03,2749.64,4.1,266
20637,Nike Jeans,Clothing,Jeans,Adidas,845.21,1203.16,4.1,329
20638,Apple Jeans,Clothing,Jeans,Apple,2615.36,4960.53,4.0,245
20639,LG Jeans,Clothing,Jeans,Adidas,1462.89,2923.42,3.9,218
20640,Sony Jeans,Clothing,Jeans,Apple,1249.31,2390.52,3.1,251
20641,Sony Jeans,Clothing,Jeans,Adidas,555.32,938.87,2.7,37
20642,Apple Jeans,Clothing,Jeans,Nike,1403.61,2179.17,3.9,311
20643,Samsung Jeans,Clothing,Jeans,Apple,3447.7,4962.47,3.4,64
20644,Nike Jeans,Clothing,Jeans,Ikea,654.96,1095.08,4.3,324
20645,Ikea Jeans,Clothing,Jeans,Ikea,1837.96,2669.35,4.1,364
20646,Nike Jeans,Clothing,Jeans,Adidas,2069.43,2926.21,3.5,305
20647,Ikea Jeans,Clothing,Jeans,Nike,1239.88,2458.39,4.6,232
20648,Ikea Jeans,Clothing,Jeans,Ikea,2008.13,3804.67,4.3,220
20649,Apple Jeans,Clothing,Jeans,LG,3361.72,4565.31,3.6,359
20650,Apple Jeans,Clothing,Jeans,LG,2332.75,3861.04,2.9,335
20651,Sony Jeans,Clothing,Jeans,LG,1362.71,2032.21,3.2,282
20652,Sony Jeans,Clothing,Jeans,LG,1269.98,2044.11,4.6,110
20653,Adidas Jeans,Clothing,Jeans,Adidas,2077.7,3839.15,,454
20654,Samsung Jeans,Clothing,Jeans,Adidas,1574.26,2372.68,2.6,173
20655,LG Jeans,Clothing,Jeans,Adidas,3438.28,4687.21,4.4,204
20656,Adidas Jeans,Clothing,Jeans,Sony,1128.93,2201.49,3.5,48
20657,Nike Jeans,Clothing,Jeans,Adidas,2836.05,4174.74,3.2,160
20658,Sony Jeans,Clothing,Jeans,Nike,1591.52,3179.84,3.8,191
20659,Samsung Jeans,Clothing,Jeans,Sony,2608.57,4713.39,4.5,472
20660,Adidas Jeans,Clothing,Jeans,Apple,1608.47,2461.82,3.0,46
20661,LG Jeans,Clothing,Jeans,Apple,2467.98,4837.74,4.4,47
20662,Adidas Jeans,Clothing,Jeans,Apple,1262.49,1833.14,5.0,381
20663,Sony Jeans,Clothing,Jeans,Nike,430.99,799.44,3.4,415
20664,Samsung Jeans,Clothing,Jeans,Ikea,1292.64,2384.91,2.7,30
20665,Ikea Jeans,Clothing,Jeans,Ikea,1071.99,2093.76,4.2,287
20666,Nike Jeans,Clothing,Jeans,Sony,2184.88,3897.23,2.7,62
20667,Adidas Jeans,Clothing,Jeans,Nike,887.11,1414.43,3.4,447
20668,Sony Jeans,Clothing,Jeans,LG,1302.9,2349.11,2.5,216
20669,LG Jeans,Clothing,Jeans,Sony,2604.06,3472.21,2.7,26
20670,Nike Jeans,Clothing,Jeans,Ikea,1261.58,2337.29,2.9,159
20671,Nike Jeans,Clothing,Jeans,Apple,1738.68,2995.8,3.1,295
20672,Ikea Jeans,Clothing,Jeans,Samsung,1464.88,2805.49,3.8,79
20673,Sony Jeans,Clothing,Jeans,Adidas,716.37,1207.95,4.0,114
20674,LG Jeans,Clothing,Jeans,Apple,451.9,621.3,2.9,179
20675,LG Jeans,Clothing,Jeans,Ikea,762.76,1113.3,3.6,188
20676,Apple Jeans,Clothing,Jeans,LG,1145.76,2172.72,4.0,142
20677,Ikea Jeans,Clothing,Jeans,Samsung,2746.62,4442.65,2.7,413
20678,Adidas Jeans,Clothing,Jeans,LG,1407.4,2584.79,3.0,287
20679,LG Jeans,Clothing,Jeans,LG,607.86,910.46,3.5,318
20680,Ikea Jeans,Clothing,Jeans,Sony,1345.12,1878.16,3.1,329
20681,Ikea Jeans,Clothing,Jeans,Apple,2333.24,3570.27,4.1,311
20682,Sony Jeans,Clothing,Jeans,LG,1785.13,2913.37,3.1,355
20683,Nike Jeans,Clothing,Jeans,Apple,2118.41,2846.94,3.6,92
20684,Nike Jeans,Clothing,Jeans,Sony,2167.61,3076.8,3.1,390
20685,Nike Jeans,Clothing,Jeans,Nike,1089.67,1487.89,3.4,179
20686,Apple Jeans,Clothing,Jeans,Samsung,3245.03,4905.35,3.7,445
20687,Samsung Jeans,Clothing,Jeans,Ikea,2021.64,3438.89,4.9,336
20688,Adidas Jeans,Clothing,Jeans,Apple,2404.06,4359.04,4.9,72
20689,Sony Jeans,Clothing,Jeans,Sony,916.51,1538.44,4.7,497
20690,Apple Jeans,Clothing,Jeans,Apple,1672.99,3308.62,2.8,382
20691,Ikea Jeans,Clothing,Jeans,Samsung,1252.51,2476.99,3.4,192
20692,Adidas Jeans,Clothing,Jeans,Adidas,2841.91,3828.0,4.2,174
20693,Samsung Jeans,Clothing,Jeans,Nike,3079.13,4705.82,2.6,159
20694,Sony Jeans,Clothing,Jeans,Nike,329.68,625.59,4.3,397
20695,Ikea Jeans,Clothing,Jeans,Ikea,721.69,980.09,4.5,43
20696,Apple Jeans,Clothing,Jeans,Samsung,2983.41,4144.37,3.3,80
20697,LG Jeans,Clothing,Jeans,Ikea,2480.85,4010.12,4.9,25
20698,Sony Jeans,Clothing,Jeans,Apple,1547.6,2664.78,3.8,139
20699,Adidas Jeans,Clothing,Jeans,Sony,3084.76,4743.34,3.1,217
20700,Adidas Jeans,Clothing,Jeans,Ikea,1057.43,1969.85,3.7,226
20701,Adidas Jeans,Clothing,Jeans,Nike,1285.66,2094.14,2.8,110
20702,LG Jeans,Clothing,Jeans,Ikea,356.32,524.12,4.0,58
20703,Nike Jeans,Clothing,Jeans,Adidas,2011.78,3702.56,4.8,56
20704,Nike Jacket,Clothing,Jacket,Sony,1329.99,2354.51,2.7,347
20705,Ikea Jacket,Clothing,Jacket,Adidas,545.49,758.88,3.6,269
20706,Sony Jacket,Clothing,Jacket,Nike,984.01,1450.77,4.1,23
20707,Samsung Jacket,Clothing,Jacket,Adidas,1290.53,2113.35,3.5,306
20708,Apple Jacket,Clothing,Jacket,Apple,921.95,1260.36,3.1,104
20709,Nike Jacket,Clothing,Jacket,Samsung,452.26,759.65,4.5,392
20710,Samsung Jacket,Clothing,Jacket,LG,1325.28,2028.83,4.5,130
20711,Nike Jacket,Clothing,Jacket,Nike,1081.58,1501.76,3.8,61
20712,Apple Jacket,Clothing,Jacket,Adidas,2045.01,3407.86,4.3,382
20713,Adidas Jacket,Clothing,Jacket,Samsung,485.67,755.38,3.1,66
20714,Adidas Jacket,Clothing,Jacket,Ikea,2082.62,3916.05,3.2,360
20715,Samsung Jacket,Clothing,Jacket,Ikea,637.54,928.48,2.8,286
20716,LG Jacket,Clothing,Jacket,Sony,1200.68,1950.9,4.9,412
20717,Nike Jacket,Clothing,Jacket,Apple,1596.51,2297.17,2.9,203
20718,LG Jacket,Clothing,Jacket,Sony,897.44,1278.68,4.4,21
20719,Adidas Jacket,Clothing,Jacket,Apple,387.82,774.62,3.8,235
20720,Apple Jacket,Clothing,Jacket,LG,1948.28,2949.22,4.2,160
20721,Ikea Jacket,Clothing,Jacket,Adidas,1750.5,2621.55,3.2,293
20722,Adidas Jacket,Clothing,Jacket,Sony,3159.67,4665.43,3.6,327
20723,Adidas Jacket,Clothing,Jacket,Nike,1512.66,2076.54,3.0,58
20724,Adidas Jacket,Clothing,Jacket,Apple,779.98,1352.76,3.5,494
20725,Nike Jacket,Clothing,Jacket,Samsung,2301.85,4018.85,3.0,410
20726,Ikea Jacket,Clothing,Jacket,Adidas,1711.51,3033.13,4.1,425
20727,Sony Jacket,Clothing,Jacket,Nike,1808.35,3200.07,2.6,45
20728,Adidas Jacket,Clothing,Jacket,LG,2585.11,3791.4,3.9,54
20729,Samsung Jacket,Clothing,Jacket,Adidas,859.27,1590.37,3.7,301
20730,Adidas Jacket,Clothing,Jacket,Ikea,1871.3,3393.24,4.7,40
20731,Adidas Jacket,Clothing,Jacket,LG,2704.59,3794.28,4.6,158
20732,Sony Jacket,Clothing,Jacket,Nike,1962.4,3283.6,4.8,113
20733,Nike Jacket,Clothing,Jacket,LG,1117.79,1619.74,3.8,86
20734,Apple Jacket,Clothing,Jacket,Ikea,2475.46,3878.88,4.1,324
20735,Apple Jacket,Clothing,Jacket,Ikea,1515.23,2536.36,4.6,261
20736,Samsung Jacket,Clothing,Jacket,LG,756.0,1312.15,4.5,178
20737,Nike Jacket,Clothing,Jacket,Sony,1681.01,2512.0,2.5,490
20738,LG Jacket,Clothing,Jacket,Sony,2730.16,4086.97,3.4,417
20739,Samsung Jacket,Clothing,Jacket,Samsung,1258.15,2012.03,4.3,52
20740,Samsung Jacket,Clothing,Jacket,Nike,2590.08,3973.38,4.2,101
20741,Samsung Jacket,Clothing,Jacket,Ikea,2529.46,3743.08,2.7,78
20742,LG Jacket,Clothing,Jacket,LG,2628.34,4526.0,4.1,335
20743,Apple Jacket,Clothing,Jacket,Samsung,417.37,765.06,3.9,487
20744,LG Jacket,Clothing,Jacket,Sony,2185.19,4315.48,4.9,252
20745,Adidas Jacket,Clothing,Jacket,LG,3252.39,4352.4,4.7,288
20746,LG Jacket,Clothing,Jacket,Ikea,450.06,837.78,3.2,229
20747,Sony Jacket,Clothing,Jacket,Ikea,2403.09,3245.31,4.4,329
20748,Sony Jacket,Clothing,Jacket,Ikea,649.06,1002.68,4.5,165
20749,LG Jacket,Clothing,Jacket,Sony,2716.32,3629.07,3.5,161
20750,Samsung Jacket,Clothing,Jacket,Adidas,400.55,688.67,4.9,34
20751,Adidas Jacket,Clothing,Jacket,Adidas,2393.06,3448.68,3.4,323
20752,Nike Jacket,Clothing,Jacket,LG,3397.02,4894.93,3.9,140
20753,Ikea Jacket,Clothing,Jacket,Apple,1284.36,2302.04,4.7,180
20754,Ikea Jacket,Clothing,Jacket,Apple,1189.55,2033.77,3.9,158
20755,Adidas Jacket,Clothing,Jacket,Adidas,1195.57,1753.0,3.8,19
20756,Apple Jacket,Clothing,Jacket,Nike,652.93,1193.01,2.7,425
20757,Nike Jacket,Clothing,Jacket,Apple,615.0,925.59,2.8,330
20758,LG Jacket,Clothing,Jacket,LG,1716.64,2640.65,4.3,46
20759,Ikea Jacket,Clothing,Jacket,Ikea,2689.28,4788.52,2.9,259
20760,Adidas Jacket,Clothing,Jacket,Adidas,3070.66,4709.85,3.7,297
20761,Ikea Jacket,Clothing,Jacket,LG,1629.7,2397.09,4.7,378
20762,Apple Jacket,Clothing,Jacket,Adidas,1207.72,1995.07,3.1,465
20763,LG Jacket,Clothing,Jacket,Ikea,2274.87,4088.19,3.2,333
20764,Samsung Jacket,Clothing,Jacket,Nike,2047.57,3566.99,3.9,309
20765,Adidas Jacket,Clothing,Jacket,Ikea,1942.07,3202.69,2.7,77
20766,Apple Jacket,Clothing,Jacket,Adidas,2224.19,3516.19,3.6,52
20767,LG Jacket,Clothing,Jacket,LG,3252.12,4370.0,3.1,175
20768,Sony Jacket,Clothing,Jacket,Apple,775.49,1046.32,3.2,258
20769,Sony Jacket,Clothing,Jacket,Samsung,3376.82,4948.14,4.2,20
20770,Samsung Jacket,Clothing,Jacket,Sony,618.93,1032.35,5.0,224
20771,Adidas Jacket,Clothing,Jacket,Ikea,975.5,1813.27,5.0,267
20772,Ikea Jacket,Clothing,Jacket,Samsung,2117.83,3148.49,4.2,186
20773,Nike Jacket,Clothing,Jacket,Nike,3042.08,4301.82,3.6,198
20774,Adidas Jacket,Clothing,Jacket,LG,1315.09,1936.34,4.7,173
20775,Sony Jacket,Clothing,Jacket,Ikea,1594.85,2397.44,4.0,26
20776,LG Jacket,Clothing,Jacket,Sony,1030.0,1487.31,3.8,331
20777,Nike Jacket,Clothing,Jacket,Apple,1583.6,2341.73,2.6,168
20778,Apple Jacket,Clothing,Jacket,Ikea,1552.11,2843.48,4.6,347
20779,Adidas Jacket,Clothing,Jacket,Nike,935.83,1559.48,4.6,129
20780,Sony Jacket,Clothing,Jacket,LG,1209.32,2339.27,4.8,336
20781,Ikea Jacket,Clothing,Jacket,LG,984.44,1436.6,3.0,76
20782,Nike Jacket,Clothing,Jacket,Apple,722.96,1382.24,4.8,298
20783,Sony Jacket,Clothing,Jacket,Samsung,441.3,733.54,3.9,469
20784,Nike Jacket,Clothing,Jacket,Nike,1336.59,2257.46,4.9,495
20785,Sony Jacket,Clothing,Jacket,Sony,911.5,1266.15,2.6,339
20786,Adidas Jacket,Clothing,Jacket,Samsung,1422.54,2137.25,3.6,304
20787,Sony Jacket,Clothing,Jacket,Apple,1549.85,2764.9,3.5,158
20788,Ikea Jacket,Clothing,Jacket,Adidas,1079.91,1987.76,4.6,329
20789,LG Jacket,Clothing,Jacket,Nike,1038.85,1547.45,4.6,416
20790,Samsung Jacket,Clothing,Jacket,Sony,573.16,857.34,3.6,359
20791,LG Jacket,Clothing,Jacket,Sony,946.01,1341.82,3.6,350
